{
    "spin_frequency": 0.5,
    "cavity_frequency": 0.5,
    "cavity_coupling": 0.49,
    "use_rwa": true,
    "number_of_cavity_states": 10,
    "kappa": 0.0,
    "gamma": 5e-07,
    "energies": [
        [
            0.0,
            0.010000000000000009,
            0.30703535443718355,
            0.6512951042912501,
            0.99,
            1.02,
            1.4043266910251035,
            1.6929646455628165,
            1.799750026036243,
            2.2035818575783503,
            2.34870489570875,
            2.6140707088743675,
            2.98,
            3.0300000000000007,
            3.595673308974897,
            4.200249973963757,
            4.79641814242165,
            5.0,
            5.385929291125633,
            5.97
        ],
        [
            0.0,
            0.010000000000000009,
            0.30703535443718355,
            0.6512951042912501,
            0.99,
            1.02,
            1.4043266910251035,
            1.6929646455628165,
            1.799750026036243,
            2.2035818575783503,
            2.34870489570875,
            2.6140707088743675,
            2.98,
            3.0300000000000007,
            3.595673308974897,
            4.200249973963757,
            4.79641814242165,
            5.0,
            5.385929291125633,
            5.97
        ]
    ]
}