{
    "0": {
        "lambda": 0.001,
        "g": 0.00025414051295849337,
        "T1": 3090.40913727014,
        "T2": 6180.81827454028
    },
    "1": {
        "lambda": 0.005,
        "g": 0.0012707025647924668,
        "T1": 618.081827454028,
        "T2": 1236.163654908056
    },
    "2": {
        "lambda": 0.01,
        "g": 0.0025414051295849335,
        "T1": 309.040913727014,
        "T2": 618.081827454028
    },
    "3": {
        "lambda": 0.05,
        "g": 0.012707025647924669,
        "T1": 61.808182745402796,
        "T2": 123.61636549080559
    },
    "4": {
        "lambda": 0.1,
        "g": 0.025414051295849338,
        "T1": 30.904091372701398,
        "T2": 61.808182745402796
    }
}