{
    "0": {
        "input_params": {
            "lambda": 0.001,
            "g": 0.00025414051295849337,
            "T1": 3090.40913727014,
            "T2": 6180.81827454028
        },
        "f1": 0.9999999999976633,
        "f2": 1.7539923836702081e-06,
        "concurrence": 0.9999999999922505
    },
    "1": {
        "input_params": {
            "lambda": 0.005,
            "g": 0.0012707025647924668,
            "T1": 618.081827454028,
            "T2": 1236.163654908056
        },
        "f1": 1.0000000074460293,
        "f2": 9.286787271388712e-09,
        "concurrence": 0.9999999937257312
    },
    "2": {
        "input_params": {
            "lambda": 0.01,
            "g": 0.0025414051295849335,
            "T1": 309.040913727014,
            "T2": 618.081827454028
        },
        "f1": 1.0000000074503692,
        "f2": 4.4968613360498127e-07,
        "concurrence": 0.9999999999909736
    },
    "3": {
        "input_params": {
            "lambda": 0.05,
            "g": 0.012707025647924669,
            "T1": 61.808182745402796,
            "T2": 123.61636549080559
        },
        "f1": 1.000000007450558,
        "f2": 8.459333354933914e-08,
        "concurrence": 0.9999999937347808
    },
    "4": {
        "input_params": {
            "lambda": 0.1,
            "g": 0.025414051295849338,
            "T1": 30.904091372701398,
            "T2": 61.808182745402796
        },
        "f1": 0.7071067811865475,
        "f2": 0.7071067811865475,
        "concurrence": 0.0
    }
}