{
    "0": {
        "input_params": {
            "lambda": 0.001,
            "g": 0.00025414051295849337,
            "T1": 3090.40913727014,
            "T2": 6180.81827454028,
            "vib": 0.00622913,
            "S": 10.5615447,
            "vib_states": 2
        },
        "f1": 0.7069336004288723,
        "f2": 0.706814113581088,
        "concurrence": 0.00024587501788604746
    },
    "1": {
        "input_params": {
            "lambda": 0.005,
            "g": 0.0012707025647924668,
            "T1": 618.081827454028,
            "T2": 1236.163654908056,
            "vib": 0.00622913,
            "S": 10.5615447,
            "vib_states": 2
        },
        "f1": 0.6985378641472304,
        "f2": 0.7080947843202022,
        "concurrence": 0.0160868097263411
    },
    "2": {
        "input_params": {
            "lambda": 0.01,
            "g": 0.0025414051295849335,
            "T1": 309.040913727014,
            "T2": 618.081827454028,
            "vib": 0.00622913,
            "S": 10.5615447,
            "vib_states": 2
        },
        "f1": 0.7069511655148268,
        "f2": 0.6989748701400318,
        "concurrence": 0.013609906198497682
    },
    "3": {
        "input_params": {
            "lambda": 0.05,
            "g": 0.012707025647924669,
            "T1": 61.808182745402796,
            "T2": 123.61636549080559,
            "vib": 0.00622913,
            "S": 10.5615447,
            "vib_states": 2
        },
        "f1": 0.4892415832249628,
        "f2": 0.7408823804781348,
        "concurrence": 0.34193325053254586
    },
    "4": {
        "input_params": {
            "lambda": 0.1,
            "g": 0.025414051295849338,
            "T1": 30.904091372701398,
            "T2": 61.808182745402796,
            "vib": 0.00622913,
            "S": 10.5615447,
            "vib_states": 2
        },
        "f1": 0.8295716947039244,
        "f2": 0.4900663525330877,
        "concurrence": 0.6660973763794759
    }
}